creator_id,creator_name,signup_date,creator_type,followers
C0001,Creator_0001,2024-07-28 20:15:02,Artist,17
C0002,Creator_0002,2024-08-07 17:26:27,Artist,167
C0003,Creator_0003,2024-04-12 16:14:44,Influencer,76
C0004,Creator_0004,2024-06-26 18:52:05,Influencer,11
C0005,Creator_0005,2024-03-09 20:31:20,Community Creator,37
C0006,Creator_0006,2024-06-16 18:41:34,Filmmaker,98
C0007,Creator_0007,2025-08-01 08:55:37,Artist,57
C0008,Creator_0008,2025-09-06 23:26:18,Filmmaker,86
C0009,Creator_0009,2025-07-25 07:20:52,AI Creator,26
C0010,Creator_0010,2026-03-09 02:41:13,Filmmaker,106
C0011,Creator_0011,2026-01-26 08:11:03,AI Creator,33
C0012,Creator_0012,2024-10-15 05:28:40,AI Creator,1159
C0013,Creator_0013,2024-06-16 09:16:59,Influencer,11
C0014,Creator_0014,2025-01-06 00:49:47,Influencer,1390
C0015,Creator_0015,2026-03-29 00:47:41,Artist,17
C0016,Creator_0016,2026-05-03 22:35:34,Influencer,251
C0017,Creator_0017,2024-06-29 14:55:19,Artist,147
C0018,Creator_0018,2024-05-08 03:18:06,Influencer,18
C0019,Creator_0019,2025-10-12 13:28:12,Community Creator,112
C0020,Creator_0020,2026-02-14 18:25:00,Filmmaker,30
C0021,Creator_0021,2026-04-18 01:50:38,AI Creator,75
C0022,Creator_0022,2026-04-26 02:08:57,AI Creator,65
C0023,Creator_0023,2024-09-06 09:57:21,AI Creator,35
C0024,Creator_0024,2025-12-06 03:55:05,Filmmaker,32
C0025,Creator_0025,2025-08-17 10:31:41,Influencer,82
C0026,Creator_0026,2024-10-23 17:02:21,AI Creator,18
C0027,Creator_0027,2024-01-15 02:09:20,Artist,19
C0028,Creator_0028,2025-07-30 11:00:17,Community Creator,171
C0029,Creator_0029,2024-11-14 19:39:47,Community Creator,91
C0030,Creator_0030,2024-09-14 00:46:24,AI Creator,11
C0031,Creator_0031,2024-01-09 10:23:36,Community Creator,16
C0032,Creator_0032,2024-04-16 13:52:00,Filmmaker,10
C0033,Creator_0033,2024-06-16 16:33:03,Influencer,162
C0034,Creator_0034,2024-04-04 16:52:09,AI Creator,124
C0035,Creator_0035,2026-04-17 20:07:56,Artist,14
C0036,Creator_0036,2024-01-09 05:46:58,Influencer,119
C0037,Creator_0037,2024-12-08 20:16:24,Artist,591
C0038,Creator_0038,2026-05-12 21:50:50,Filmmaker,10
C0039,Creator_0039,2024-04-13 16:10:00,Community Creator,26
C0040,Creator_0040,2025-07-31 18:45:09,Artist,10
C0041,Creator_0041,2024-08-08 16:12:29,Artist,170
C0042,Creator_0042,2024-10-10 07:56:50,Filmmaker,48
C0043,Creator_0043,2025-01-26 18:11:24,Filmmaker,33
C0044,Creator_0044,2025-05-25 17:56:08,AI Creator,71
C0045,Creator_0045,2025-11-02 02:29:38,Artist,27
C0046,Creator_0046,2025-06-30 00:33:26,Artist,33
C0047,Creator_0047,2024-01-19 03:06:24,Influencer,75
C0048,Creator_0048,2024-06-10 08:14:24,AI Creator,26
C0049,Creator_0049,2025-07-07 11:19:55,Artist,31
C0050,Creator_0050,2024-09-11 18:45:41,Artist,45
C0051,Creator_0051,2024-02-22 18:30:07,Artist,60
C0052,Creator_0052,2025-04-27 16:46:31,AI Creator,112
C0053,Creator_0053,2024-10-06 14:24:30,Community Creator,109
C0054,Creator_0054,2026-01-10 16:46:11,Influencer,10
C0055,Creator_0055,2026-02-23 14:56:26,Influencer,295
C0056,Creator_0056,2024-04-24 07:07:58,Filmmaker,58
C0057,Creator_0057,2025-11-16 11:07:31,Community Creator,36
C0058,Creator_0058,2026-01-27 01:15:03,Community Creator,18
C0059,Creator_0059,2025-07-18 23:42:55,AI Creator,594
C0060,Creator_0060,2025-06-21 03:01:04,Community Creator,926
C0061,Creator_0061,2025-02-13 05:14:08,Artist,512
C0062,Creator_0062,2025-03-07 21:06:32,Community Creator,63
C0063,Creator_0063,2024-03-10 15:12:38,Community Creator,82
C0064,Creator_0064,2024-05-06 22:55:49,Filmmaker,326
C0065,Creator_0065,2025-08-26 07:44:41,AI Creator,40
C0066,Creator_0066,2025-04-30 00:21:53,AI Creator,104
C0067,Creator_0067,2024-06-02 11:00:26,Artist,71
C0068,Creator_0068,2024-11-07 21:40:25,AI Creator,545
C0069,Creator_0069,2025-07-24 00:17:20,Artist,306
C0070,Creator_0070,2024-06-15 16:03:25,AI Creator,46
C0071,Creator_0071,2024-07-04 20:54:16,Community Creator,340
C0072,Creator_0072,2026-02-15 03:16:40,Influencer,54
C0073,Creator_0073,2025-02-07 23:56:16,AI Creator,28
C0074,Creator_0074,2025-02-10 05:24:06,Influencer,38
C0075,Creator_0075,2024-03-05 17:20:40,Community Creator,65
C0076,Creator_0076,2024-03-11 08:16:32,Filmmaker,21
C0077,Creator_0077,2025-07-26 19:58:01,Community Creator,29
C0078,Creator_0078,2024-09-23 11:40:18,Influencer,10
C0079,Creator_0079,2024-09-03 15:47:26,Artist,20
C0080,Creator_0080,2024-06-09 02:05:43,AI Creator,72
C0081,Creator_0081,2025-10-26 13:06:17,Filmmaker,190
C0082,Creator_0082,2026-04-08 09:56:29,Influencer,163
C0083,Creator_0083,2024-08-17 19:11:51,Artist,91
C0084,Creator_0084,2024-08-02 09:08:08,Artist,10
C0085,Creator_0085,2025-11-18 16:17:39,AI Creator,19
C0086,Creator_0086,2025-03-22 15:24:19,Artist,43
C0087,Creator_0087,2025-12-01 11:17:57,Artist,173
C0088,Creator_0088,2025-10-19 13:13:12,Influencer,27
C0089,Creator_0089,2025-12-02 16:15:11,AI Creator,12
C0090,Creator_0090,2024-05-19 19:21:29,Filmmaker,310
C0091,Creator_0091,2025-04-17 00:04:09,Influencer,22
C0092,Creator_0092,2025-01-20 20:44:14,Artist,14
C0093,Creator_0093,2026-02-03 13:26:31,AI Creator,71
C0094,Creator_0094,2025-07-30 04:39:38,Influencer,51
C0095,Creator_0095,2025-10-19 02:40:10,Artist,29
C0096,Creator_0096,2026-02-16 21:11:47,Community Creator,54
C0097,Creator_0097,2025-09-01 01:06:39,Filmmaker,17
C0098,Creator_0098,2025-07-30 22:03:21,AI Creator,29
C0099,Creator_0099,2025-04-12 07:03:01,Artist,52
C0100,Creator_0100,2024-03-11 15:12:53,AI Creator,10
C0101,Creator_0101,2025-09-27 17:54:47,AI Creator,171
C0102,Creator_0102,2024-10-10 14:48:46,Artist,10
C0103,Creator_0103,2024-04-18 17:57:36,Influencer,17
C0104,Creator_0104,2024-11-05 12:31:58,AI Creator,181
C0105,Creator_0105,2024-11-02 01:35:59,Filmmaker,108
C0106,Creator_0106,2024-12-08 10:58:20,Influencer,60
C0107,Creator_0107,2024-09-04 00:50:43,Artist,10
C0108,Creator_0108,2026-04-10 12:10:52,Community Creator,26
C0109,Creator_0109,2026-02-18 07:40:06,AI Creator,42
C0110,Creator_0110,2024-02-01 11:46:06,Artist,45
C0111,Creator_0111,2025-03-14 01:52:36,Artist,214
C0112,Creator_0112,2024-09-23 12:24:39,Community Creator,597
C0113,Creator_0113,2026-01-18 16:45:47,Influencer,114
C0114,Creator_0114,2025-03-10 08:18:24,AI Creator,28
C0115,Creator_0115,2025-07-13 09:42:46,Community Creator,234
C0116,Creator_0116,2024-03-17 04:49:51,AI Creator,26
C0117,Creator_0117,2025-09-21 00:00:22,Filmmaker,10
C0118,Creator_0118,2025-03-02 11:31:53,Artist,12
C0119,Creator_0119,2026-02-10 22:24:45,AI Creator,10
C0120,Creator_0120,2024-04-04 11:42:17,Influencer,34
C0121,Creator_0121,2024-09-24 05:00:57,AI Creator,44
C0122,Creator_0122,2026-01-08 22:10:26,Community Creator,10
C0123,Creator_0123,2024-07-25 11:00:20,Influencer,19
C0124,Creator_0124,2024-08-26 05:08:47,Artist,10
C0125,Creator_0125,2024-09-23 13:20:51,Influencer,46
C0126,Creator_0126,2025-04-06 07:06:02,Artist,19
C0127,Creator_0127,2024-02-18 03:57:45,Artist,183
C0128,Creator_0128,2025-06-29 08:33:08,AI Creator,66
C0129,Creator_0129,2025-12-15 04:21:17,Artist,374
C0130,Creator_0130,2024-09-26 15:35:59,Artist,31
C0131,Creator_0131,2024-05-31 02:18:08,AI Creator,715
C0132,Creator_0132,2024-11-05 20:37:46,Influencer,54
C0133,Creator_0133,2025-07-23 06:42:22,Community Creator,28
C0134,Creator_0134,2025-03-26 06:36:13,Filmmaker,982
C0135,Creator_0135,2025-06-16 11:15:38,AI Creator,10
C0136,Creator_0136,2025-12-11 09:26:30,Artist,28
C0137,Creator_0137,2026-04-15 23:48:11,Artist,10
C0138,Creator_0138,2025-02-03 06:34:53,Filmmaker,10
C0139,Creator_0139,2025-11-01 19:25:55,AI Creator,10
C0140,Creator_0140,2025-03-08 23:17:05,AI Creator,114
C0141,Creator_0141,2024-05-01 22:13:54,Influencer,11
C0142,Creator_0142,2025-06-09 13:16:08,Filmmaker,40
C0143,Creator_0143,2026-04-20 12:54:18,Artist,159
C0144,Creator_0144,2025-01-10 00:52:32,Artist,95
C0145,Creator_0145,2025-04-21 12:07:09,Influencer,89
C0146,Creator_0146,2025-10-02 09:37:35,Artist,234
C0147,Creator_0147,2026-01-01 22:41:11,AI Creator,376
C0148,Creator_0148,2024-01-05 07:53:03,AI Creator,12
C0149,Creator_0149,2024-02-20 06:50:44,Artist,97
C0150,Creator_0150,2025-03-02 00:33:42,Community Creator,39
C0151,Creator_0151,2024-04-08 16:21:05,Artist,45
C0152,Creator_0152,2026-03-25 02:24:23,Filmmaker,10
C0153,Creator_0153,2025-09-13 10:41:54,Community Creator,28
C0154,Creator_0154,2025-06-27 05:27:03,Influencer,32
C0155,Creator_0155,2025-05-29 21:12:49,Artist,303
C0156,Creator_0156,2025-03-05 00:06:35,Artist,13
C0157,Creator_0157,2024-02-13 20:39:58,AI Creator,10
C0158,Creator_0158,2025-11-11 22:13:18,Community Creator,54
C0159,Creator_0159,2025-02-25 18:22:12,Artist,12
C0160,Creator_0160,2024-12-12 15:02:22,Influencer,46
C0161,Creator_0161,2025-01-20 02:32:33,Community Creator,120
C0162,Creator_0162,2025-02-16 02:39:18,Influencer,48
C0163,Creator_0163,2026-04-10 11:57:50,AI Creator,32
C0164,Creator_0164,2024-06-21 03:08:27,Artist,45
C0165,Creator_0165,2024-06-05 04:15:37,AI Creator,150
C0166,Creator_0166,2024-04-19 13:09:12,Filmmaker,13
C0167,Creator_0167,2025-07-01 13:04:08,Artist,130
C0168,Creator_0168,2024-01-23 12:15:54,AI Creator,16
C0169,Creator_0169,2025-11-29 10:48:19,Artist,112
C0170,Creator_0170,2025-10-07 04:34:49,Filmmaker,10
C0171,Creator_0171,2025-09-17 07:19:57,Influencer,104
C0172,Creator_0172,2026-04-08 12:13:46,AI Creator,48
C0173,Creator_0173,2026-01-02 14:24:46,Artist,61
C0174,Creator_0174,2024-06-04 22:50:31,AI Creator,172
C0175,Creator_0175,2024-08-16 04:56:48,AI Creator,20
C0176,Creator_0176,2024-08-03 04:38:28,Influencer,52
C0177,Creator_0177,2025-02-21 01:31:36,Filmmaker,78
C0178,Creator_0178,2024-07-14 00:07:46,Community Creator,38
C0179,Creator_0179,2024-02-18 03:43:25,Artist,129
C0180,Creator_0180,2024-12-05 17:21:12,Artist,81
C0181,Creator_0181,2025-03-20 00:15:06,AI Creator,27
C0182,Creator_0182,2025-08-16 00:12:20,Artist,247
C0183,Creator_0183,2024-04-18 23:58:24,Influencer,107
C0184,Creator_0184,2025-08-30 22:29:38,Filmmaker,19
C0185,Creator_0185,2024-05-22 08:27:40,Artist,19
C0186,Creator_0186,2024-09-15 15:30:09,AI Creator,41
C0187,Creator_0187,2025-03-27 16:07:48,Influencer,93
C0188,Creator_0188,2024-04-02 16:23:50,Influencer,10
C0189,Creator_0189,2025-05-16 22:05:27,Community Creator,20
C0190,Creator_0190,2024-02-04 01:19:09,Community Creator,27
C0191,Creator_0191,2024-07-06 00:21:05,Community Creator,10
C0192,Creator_0192,2025-05-14 01:47:15,Filmmaker,16
C0193,Creator_0193,2024-08-27 05:34:44,Artist,64
C0194,Creator_0194,2025-01-16 13:34:26,Artist,30
C0195,Creator_0195,2024-09-07 13:59:21,Artist,33
C0196,Creator_0196,2025-03-17 07:11:39,Artist,10
C0197,Creator_0197,2024-05-05 01:49:49,Community Creator,42
C0198,Creator_0198,2024-05-17 05:55:05,Influencer,10
C0199,Creator_0199,2026-05-01 18:22:44,Artist,314
C0200,Creator_0200,2024-10-19 21:39:50,Artist,442
C0201,Creator_0201,2025-09-02 12:29:17,Artist,30
C0202,Creator_0202,2024-01-08 11:58:36,Community Creator,14
C0203,Creator_0203,2024-04-07 18:17:59,AI Creator,152
C0204,Creator_0204,2025-11-25 16:19:39,Community Creator,111
C0205,Creator_0205,2024-11-11 00:22:00,Community Creator,517
C0206,Creator_0206,2024-09-21 18:40:09,Community Creator,712
C0207,Creator_0207,2024-06-01 05:39:21,Influencer,10
C0208,Creator_0208,2024-08-22 23:34:10,Filmmaker,219
C0209,Creator_0209,2024-07-25 17:29:08,AI Creator,41
C0210,Creator_0210,2025-12-04 06:34:42,AI Creator,105
C0211,Creator_0211,2026-04-08 14:51:56,Filmmaker,138
C0212,Creator_0212,2024-01-31 19:12:55,Community Creator,132
C0213,Creator_0213,2024-04-30 14:47:11,Influencer,181
C0214,Creator_0214,2025-07-07 07:56:05,Artist,27
C0215,Creator_0215,2026-02-14 23:51:16,AI Creator,17
C0216,Creator_0216,2024-10-06 10:55:16,AI Creator,226
C0217,Creator_0217,2026-01-12 11:57:50,Artist,19
C0218,Creator_0218,2024-01-05 00:01:25,Influencer,509
C0219,Creator_0219,2025-10-17 21:58:10,AI Creator,21
C0220,Creator_0220,2026-04-11 20:12:42,Community Creator,34
C0221,Creator_0221,2025-03-14 02:36:42,Community Creator,43
C0222,Creator_0222,2025-05-30 08:11:12,AI Creator,10
C0223,Creator_0223,2024-08-15 21:07:35,Community Creator,10
C0224,Creator_0224,2025-11-23 13:24:04,AI Creator,163
C0225,Creator_0225,2026-01-02 22:10:54,Artist,10
C0226,Creator_0226,2026-01-04 20:51:32,Artist,1122
C0227,Creator_0227,2026-01-05 15:41:55,Influencer,48
C0228,Creator_0228,2024-03-09 04:09:54,AI Creator,15
C0229,Creator_0229,2025-04-08 07:53:20,Filmmaker,90
C0230,Creator_0230,2025-03-25 03:52:22,Community Creator,10
C0231,Creator_0231,2024-02-11 23:52:48,AI Creator,36
C0232,Creator_0232,2025-12-07 13:34:54,Community Creator,42
C0233,Creator_0233,2024-06-19 04:36:08,Artist,11
C0234,Creator_0234,2025-01-09 17:58:15,Community Creator,25
C0235,Creator_0235,2024-02-19 11:10:28,Influencer,340
C0236,Creator_0236,2025-11-27 02:33:34,Artist,68
C0237,Creator_0237,2024-06-07 14:48:40,Filmmaker,88
C0238,Creator_0238,2025-03-31 13:49:27,Artist,21
C0239,Creator_0239,2025-03-24 10:15:42,AI Creator,11
C0240,Creator_0240,2024-03-25 12:57:15,Filmmaker,40
C0241,Creator_0241,2026-01-23 09:08:37,Community Creator,10
C0242,Creator_0242,2024-01-06 18:31:48,Community Creator,14
C0243,Creator_0243,2025-07-30 03:43:02,Influencer,12
C0244,Creator_0244,2024-05-31 19:26:30,AI Creator,10
C0245,Creator_0245,2025-06-13 23:54:50,Filmmaker,118
C0246,Creator_0246,2024-07-18 03:35:00,Influencer,46
C0247,Creator_0247,2025-10-21 16:40:50,Influencer,25
C0248,Creator_0248,2025-05-12 10:06:51,AI Creator,122
C0249,Creator_0249,2025-07-18 09:38:45,Filmmaker,10
C0250,Creator_0250,2026-05-20 15:09:07,AI Creator,10
C0251,Creator_0251,2025-01-26 02:28:05,Community Creator,208
C0252,Creator_0252,2025-10-31 08:42:36,AI Creator,843
C0253,Creator_0253,2025-12-20 03:36:48,AI Creator,124
C0254,Creator_0254,2024-10-13 06:00:09,Filmmaker,96
C0255,Creator_0255,2024-09-30 13:59:05,AI Creator,27
C0256,Creator_0256,2025-09-14 15:40:16,Filmmaker,27
C0257,Creator_0257,2026-03-29 14:20:10,AI Creator,71
C0258,Creator_0258,2024-01-14 05:20:35,Community Creator,283
C0259,Creator_0259,2024-04-12 11:31:20,Filmmaker,91
C0260,Creator_0260,2024-05-28 23:26:44,Influencer,172
C0261,Creator_0261,2025-07-16 10:24:28,Artist,18
C0262,Creator_0262,2025-01-05 22:46:41,Filmmaker,114
C0263,Creator_0263,2025-03-17 10:55:48,Community Creator,24
C0264,Creator_0264,2024-10-06 15:29:14,Artist,64
C0265,Creator_0265,2025-01-10 12:31:21,Community Creator,114
C0266,Creator_0266,2025-11-14 06:12:21,Community Creator,28
C0267,Creator_0267,2025-01-14 00:14:10,AI Creator,16
C0268,Creator_0268,2024-12-12 11:40:47,Artist,84
C0269,Creator_0269,2024-02-07 05:26:55,Community Creator,46
C0270,Creator_0270,2024-11-29 15:54:05,AI Creator,64
C0271,Creator_0271,2025-10-24 20:02:39,Community Creator,120
C0272,Creator_0272,2024-04-30 23:23:56,Artist,262
C0273,Creator_0273,2024-11-06 18:28:58,Artist,121
C0274,Creator_0274,2024-09-08 13:52:52,Artist,103
C0275,Creator_0275,2025-02-24 09:26:18,Influencer,29
C0276,Creator_0276,2025-12-25 11:02:11,Community Creator,36
C0277,Creator_0277,2026-01-17 13:52:17,Artist,94
C0278,Creator_0278,2024-12-04 11:22:37,Filmmaker,35
C0279,Creator_0279,2025-05-24 00:13:57,Artist,93
C0280,Creator_0280,2025-12-22 03:25:28,Community Creator,20
C0281,Creator_0281,2026-01-20 23:12:35,Influencer,552
C0282,Creator_0282,2025-06-15 10:26:42,Community Creator,68
C0283,Creator_0283,2024-04-30 21:41:47,AI Creator,63
C0284,Creator_0284,2024-11-28 07:08:58,Artist,30
C0285,Creator_0285,2025-08-22 18:34:14,Filmmaker,542
C0286,Creator_0286,2024-07-20 00:52:24,Artist,12
C0287,Creator_0287,2024-01-31 07:12:00,Filmmaker,23
C0288,Creator_0288,2026-02-20 17:55:26,Filmmaker,152
C0289,Creator_0289,2024-04-07 11:04:52,AI Creator,72
C0290,Creator_0290,2025-11-20 08:00:09,Influencer,27
C0291,Creator_0291,2026-04-22 06:01:58,Community Creator,28
C0292,Creator_0292,2026-01-05 16:14:48,Filmmaker,38
C0293,Creator_0293,2025-03-07 01:17:26,AI Creator,61
C0294,Creator_0294,2025-05-16 13:53:36,AI Creator,352
C0295,Creator_0295,2025-09-25 04:40:16,Influencer,112
C0296,Creator_0296,2024-07-13 16:48:46,Artist,186
C0297,Creator_0297,2025-01-08 01:32:07,Influencer,32
C0298,Creator_0298,2024-11-28 12:18:05,Filmmaker,101
C0299,Creator_0299,2024-08-28 20:26:08,Artist,10
C0300,Creator_0300,2025-04-30 08:46:07,Artist,67
C0301,Creator_0301,2025-01-05 14:14:16,AI Creator,62
C0302,Creator_0302,2024-01-17 17:44:18,Influencer,485
C0303,Creator_0303,2024-03-21 07:03:56,Artist,353
C0304,Creator_0304,2025-07-18 03:56:51,Artist,40
C0305,Creator_0305,2025-05-01 11:53:12,Filmmaker,20
C0306,Creator_0306,2026-01-23 23:52:39,Influencer,21
C0307,Creator_0307,2024-03-05 18:00:00,AI Creator,38
C0308,Creator_0308,2024-10-14 05:02:54,AI Creator,260
C0309,Creator_0309,2024-12-07 17:58:33,AI Creator,89
C0310,Creator_0310,2025-08-22 13:47:06,Community Creator,101
C0311,Creator_0311,2025-01-20 04:50:38,Filmmaker,144
C0312,Creator_0312,2025-03-02 12:04:03,Influencer,16
C0313,Creator_0313,2026-03-22 20:34:24,Filmmaker,23
C0314,Creator_0314,2024-01-04 12:11:43,Filmmaker,101
C0315,Creator_0315,2026-02-26 18:25:09,AI Creator,21
C0316,Creator_0316,2024-09-07 11:32:48,Community Creator,10
C0317,Creator_0317,2024-02-05 14:16:19,Filmmaker,14
C0318,Creator_0318,2025-04-10 13:44:45,Filmmaker,193
C0319,Creator_0319,2024-07-06 00:23:58,Filmmaker,34
C0320,Creator_0320,2025-10-01 08:51:45,Community Creator,71
C0321,Creator_0321,2025-10-31 19:28:41,Community Creator,15
C0322,Creator_0322,2024-12-20 14:15:02,AI Creator,86
C0323,Creator_0323,2025-11-19 10:01:57,Artist,39
C0324,Creator_0324,2024-06-13 06:26:33,AI Creator,93
C0325,Creator_0325,2024-10-23 09:54:20,AI Creator,30
C0326,Creator_0326,2024-02-23 20:18:01,Filmmaker,99
C0327,Creator_0327,2025-07-20 00:01:49,Filmmaker,29
C0328,Creator_0328,2025-09-22 08:36:08,Filmmaker,49
C0329,Creator_0329,2025-11-03 17:28:37,AI Creator,39
C0330,Creator_0330,2024-11-17 23:11:42,Artist,56
C0331,Creator_0331,2026-01-09 00:35:13,Filmmaker,76
C0332,Creator_0332,2025-07-24 17:54:06,AI Creator,30
C0333,Creator_0333,2025-05-22 10:06:47,Influencer,47
C0334,Creator_0334,2024-07-14 14:02:34,AI Creator,68
C0335,Creator_0335,2026-01-12 09:00:10,Community Creator,100
C0336,Creator_0336,2025-10-27 15:11:00,Artist,49
C0337,Creator_0337,2026-02-11 08:24:34,Filmmaker,18
C0338,Creator_0338,2024-10-30 17:57:58,AI Creator,60
C0339,Creator_0339,2025-05-01 08:09:53,Community Creator,122
C0340,Creator_0340,2024-02-16 04:32:24,Influencer,11
C0341,Creator_0341,2025-06-12 05:32:54,Filmmaker,11
C0342,Creator_0342,2025-03-26 00:37:21,Artist,24
C0343,Creator_0343,2025-12-23 05:27:46,Influencer,43
C0344,Creator_0344,2025-10-07 03:15:45,Community Creator,10
C0345,Creator_0345,2026-05-23 13:58:43,Influencer,108
C0346,Creator_0346,2026-04-02 11:05:59,Influencer,43
C0347,Creator_0347,2024-05-28 00:46:55,AI Creator,10
C0348,Creator_0348,2026-05-06 07:07:03,Influencer,14
C0349,Creator_0349,2024-01-27 12:48:17,Artist,38
C0350,Creator_0350,2025-02-06 13:29:24,Filmmaker,10
C0351,Creator_0351,2026-04-02 15:56:19,Community Creator,174
C0352,Creator_0352,2025-06-23 16:08:06,Community Creator,68
C0353,Creator_0353,2026-05-24 20:54:23,Influencer,123
C0354,Creator_0354,2025-05-06 11:15:09,Artist,15
C0355,Creator_0355,2025-08-24 03:19:51,Filmmaker,89
C0356,Creator_0356,2025-04-15 14:00:29,Filmmaker,24
C0357,Creator_0357,2026-03-28 17:36:31,Influencer,43
C0358,Creator_0358,2024-04-11 00:33:50,AI Creator,83
C0359,Creator_0359,2024-12-09 10:44:10,Filmmaker,50
C0360,Creator_0360,2025-08-14 16:52:16,Artist,144
C0361,Creator_0361,2025-03-10 23:46:53,Community Creator,64
C0362,Creator_0362,2026-05-01 08:50:26,Filmmaker,31
C0363,Creator_0363,2025-05-28 13:14:34,AI Creator,150
C0364,Creator_0364,2024-04-21 20:09:48,Filmmaker,193
C0365,Creator_0365,2025-06-25 01:55:43,Influencer,60
C0366,Creator_0366,2024-10-02 01:20:10,Community Creator,271
C0367,Creator_0367,2025-02-18 09:28:29,Artist,41
C0368,Creator_0368,2024-03-08 22:59:33,Community Creator,46
C0369,Creator_0369,2026-02-05 15:40:49,Influencer,54
C0370,Creator_0370,2024-12-21 06:06:30,Filmmaker,46
C0371,Creator_0371,2025-12-12 02:12:47,AI Creator,37
C0372,Creator_0372,2025-02-28 20:02:07,AI Creator,23
C0373,Creator_0373,2026-04-16 12:26:23,Influencer,16
C0374,Creator_0374,2024-11-11 18:31:37,Influencer,62
C0375,Creator_0375,2024-04-03 20:29:57,Artist,229
C0376,Creator_0376,2025-02-24 08:17:26,Influencer,145
C0377,Creator_0377,2024-01-31 05:25:05,Community Creator,86
C0378,Creator_0378,2025-12-09 05:12:09,Artist,244
C0379,Creator_0379,2026-03-21 10:48:14,Community Creator,55
C0380,Creator_0380,2024-07-07 16:20:04,Influencer,16
C0381,Creator_0381,2024-02-16 15:29:23,Filmmaker,35
C0382,Creator_0382,2025-10-30 12:44:41,Filmmaker,50
C0383,Creator_0383,2025-08-30 15:21:26,Artist,29
C0384,Creator_0384,2025-11-30 16:19:13,Community Creator,113
C0385,Creator_0385,2025-05-17 04:27:41,Filmmaker,167
C0386,Creator_0386,2025-05-27 13:25:34,Community Creator,10
C0387,Creator_0387,2024-08-27 08:10:11,Filmmaker,45
C0388,Creator_0388,2024-10-05 02:43:08,Influencer,10
C0389,Creator_0389,2025-07-10 17:05:53,AI Creator,48
C0390,Creator_0390,2026-04-05 23:50:58,Influencer,48
C0391,Creator_0391,2024-09-29 21:03:08,Influencer,460
C0392,Creator_0392,2024-11-16 23:06:37,Influencer,321
C0393,Creator_0393,2025-06-03 12:50:00,Filmmaker,167
C0394,Creator_0394,2024-02-14 00:43:53,Influencer,17
C0395,Creator_0395,2025-07-29 21:45:50,Community Creator,16
C0396,Creator_0396,2024-04-30 00:42:27,Influencer,14
C0397,Creator_0397,2025-08-25 14:19:32,Artist,341
C0398,Creator_0398,2026-02-25 09:10:38,Artist,18
C0399,Creator_0399,2026-03-19 03:44:44,Community Creator,34
C0400,Creator_0400,2024-05-12 06:42:07,Artist,18
C0401,Creator_0401,2025-06-10 18:53:16,Influencer,12
C0402,Creator_0402,2025-01-29 14:26:21,Filmmaker,81
C0403,Creator_0403,2025-03-08 09:58:13,AI Creator,65
C0404,Creator_0404,2025-09-02 07:39:14,Influencer,10
C0405,Creator_0405,2026-05-23 22:42:44,Community Creator,11
C0406,Creator_0406,2025-05-20 22:54:39,AI Creator,74
C0407,Creator_0407,2025-05-03 23:29:39,Influencer,50
C0408,Creator_0408,2025-07-30 06:34:19,AI Creator,33
C0409,Creator_0409,2025-03-21 12:45:27,Filmmaker,112
C0410,Creator_0410,2024-11-03 15:42:31,Artist,10
C0411,Creator_0411,2025-12-27 03:46:55,AI Creator,26
C0412,Creator_0412,2025-08-07 02:12:52,AI Creator,101
C0413,Creator_0413,2025-05-13 14:36:20,Community Creator,25
C0414,Creator_0414,2024-01-09 00:19:24,Influencer,79
C0415,Creator_0415,2024-08-30 21:37:08,AI Creator,13
C0416,Creator_0416,2024-08-20 04:28:51,AI Creator,20
C0417,Creator_0417,2025-07-26 23:26:41,Community Creator,10
C0418,Creator_0418,2024-04-19 00:21:41,Community Creator,10
C0419,Creator_0419,2024-12-02 20:33:25,AI Creator,30
C0420,Creator_0420,2025-02-05 13:00:24,Influencer,93
C0421,Creator_0421,2025-10-15 06:06:39,AI Creator,47
C0422,Creator_0422,2024-05-08 14:46:58,Filmmaker,219
C0423,Creator_0423,2025-06-18 11:22:02,Community Creator,34
C0424,Creator_0424,2025-04-27 18:45:03,Artist,10
C0425,Creator_0425,2025-10-13 22:20:17,Influencer,82
C0426,Creator_0426,2024-06-08 08:19:03,Artist,14
C0427,Creator_0427,2025-06-12 23:36:46,Influencer,63
C0428,Creator_0428,2024-12-31 09:09:16,Community Creator,10
C0429,Creator_0429,2024-08-16 15:38:49,Filmmaker,39
C0430,Creator_0430,2024-03-06 11:07:15,Community Creator,126
C0431,Creator_0431,2024-12-01 19:54:48,Influencer,109
C0432,Creator_0432,2025-01-23 01:30:08,Community Creator,40
C0433,Creator_0433,2024-02-14 21:55:52,Influencer,51
C0434,Creator_0434,2025-12-13 15:23:24,Artist,30
C0435,Creator_0435,2025-09-01 11:55:42,AI Creator,38
C0436,Creator_0436,2024-10-06 12:09:57,Influencer,115
C0437,Creator_0437,2024-02-11 11:45:43,Filmmaker,22
C0438,Creator_0438,2025-09-14 23:18:45,Filmmaker,24
C0439,Creator_0439,2024-01-22 02:33:04,AI Creator,10
C0440,Creator_0440,2025-01-10 17:16:25,AI Creator,118
C0441,Creator_0441,2024-07-01 15:12:47,Community Creator,37
C0442,Creator_0442,2024-07-25 13:47:45,Influencer,11
C0443,Creator_0443,2025-10-28 01:07:58,Artist,146
C0444,Creator_0444,2024-09-24 16:02:05,AI Creator,48
C0445,Creator_0445,2024-08-04 15:01:43,Influencer,20
C0446,Creator_0446,2024-09-23 20:58:36,AI Creator,149
C0447,Creator_0447,2024-05-11 07:19:44,Filmmaker,33
C0448,Creator_0448,2025-10-16 18:40:36,Filmmaker,10
C0449,Creator_0449,2025-03-12 23:31:51,Filmmaker,161
C0450,Creator_0450,2024-06-26 05:24:44,Artist,18
C0451,Creator_0451,2024-09-28 16:28:42,Artist,1917
C0452,Creator_0452,2026-05-12 09:28:03,Influencer,29
C0453,Creator_0453,2025-05-24 23:34:17,Filmmaker,10
C0454,Creator_0454,2025-08-29 08:40:00,AI Creator,419
C0455,Creator_0455,2026-01-25 11:06:42,Artist,47
C0456,Creator_0456,2024-12-19 19:38:13,Influencer,69
C0457,Creator_0457,2024-11-03 02:57:07,AI Creator,80
C0458,Creator_0458,2026-05-30 05:44:55,Community Creator,10
C0459,Creator_0459,2025-05-14 11:54:21,Filmmaker,10
C0460,Creator_0460,2024-07-09 15:55:09,AI Creator,533
C0461,Creator_0461,2026-01-27 01:19:22,AI Creator,10
C0462,Creator_0462,2025-11-03 21:18:16,Influencer,365
C0463,Creator_0463,2024-12-19 09:43:27,Community Creator,96
C0464,Creator_0464,2024-08-26 23:11:32,AI Creator,63
C0465,Creator_0465,2025-08-02 07:48:33,Filmmaker,29
C0466,Creator_0466,2025-04-24 10:10:20,Influencer,816
C0467,Creator_0467,2024-07-27 17:39:36,Artist,22
C0468,Creator_0468,2024-02-17 23:59:29,Filmmaker,23
C0469,Creator_0469,2025-12-23 11:02:38,Filmmaker,114
C0470,Creator_0470,2026-01-16 13:50:49,Community Creator,22
C0471,Creator_0471,2026-03-10 13:19:57,AI Creator,15
C0472,Creator_0472,2024-11-18 22:42:12,Influencer,47
C0473,Creator_0473,2025-09-13 00:30:48,AI Creator,116
C0474,Creator_0474,2025-05-30 12:24:28,Influencer,488
C0475,Creator_0475,2024-08-22 20:35:23,Influencer,624
C0476,Creator_0476,2026-03-28 20:44:38,Community Creator,10
C0477,Creator_0477,2024-10-23 09:00:41,Artist,179
C0478,Creator_0478,2024-01-27 16:15:45,Influencer,15
C0479,Creator_0479,2024-05-26 02:30:29,Artist,16
C0480,Creator_0480,2026-05-03 18:59:35,Community Creator,26
C0481,Creator_0481,2024-03-01 14:46:57,AI Creator,24
C0482,Creator_0482,2025-04-08 04:59:47,Filmmaker,14
C0483,Creator_0483,2025-03-04 01:18:02,Filmmaker,10
C0484,Creator_0484,2025-11-19 14:50:36,Community Creator,291
C0485,Creator_0485,2025-12-25 05:12:15,Influencer,150
C0486,Creator_0486,2025-02-21 05:24:41,Artist,50
C0487,Creator_0487,2025-07-11 03:58:03,Filmmaker,16
C0488,Creator_0488,2025-12-15 01:40:12,Influencer,226
C0489,Creator_0489,2026-02-15 15:40:09,Influencer,47
C0490,Creator_0490,2025-09-15 18:39:26,Community Creator,25
C0491,Creator_0491,2024-12-02 15:16:35,Community Creator,10
C0492,Creator_0492,2025-05-08 01:14:21,Influencer,97
C0493,Creator_0493,2025-09-29 08:40:44,Filmmaker,34
C0494,Creator_0494,2024-09-18 10:48:24,AI Creator,70
C0495,Creator_0495,2026-05-30 18:44:45,Filmmaker,62
C0496,Creator_0496,2025-01-26 10:13:46,Community Creator,110
C0497,Creator_0497,2025-10-29 18:57:47,Artist,66
C0498,Creator_0498,2025-03-22 07:24:01,Filmmaker,35
C0499,Creator_0499,2026-04-23 23:13:55,Artist,99
C0500,Creator_0500,2025-08-11 23:10:05,Filmmaker,160
